Date / Time	City	State	Shape	Duration	Summary	Posted
12/31/14 23:59	Wailuku	HI	Circle	20 minutes	Exactly one year to the date more red orange floating objects.	1/07/2015
12/31/14 23:59	St. Thomas (U. S. Virgin Islands)		Triangle	5 minutes	Red triangle seen over us Virgin Islands on New Year's Eve.	1/09/2015
12/31/14 23:30	San Jose del Cabo (Baja California)(Mexico)		Triangle	10 minutes	Two triangular lights over San Jose del Cabo New Year's eve. I was not  drinking.	1/07/2015
12/31/14 23:30	Boynton Beach	FL	Light	1 minute	Orange light moves west, flickers, then takes off full speed out of sight.	1/07/2015
12/31/14 23:30	Smyrna	GA	Disk	15 minutes	Very bright orange/red lights on disc shaped craft heading due south over  Atlanta on New Years Eve	1/07/2015
12/31/14 23:15	Onancock	VA	Light	2-3 seconds	Fast bright light disapears with in a second	1/07/2015
12/31/14 22:45	Bear Lake	UT	Sphere	5 minutes	Dark orange light that was stationary in the sky and turned from 1 light to  3 lights in a crescent shape.  Stayed in one place for ab	1/07/2015
12/31/14 22:45	Somersworth	NH	Fireball	10 minutes	Two orange fireballs seen moving silently across the night sky in  Somersworth, NH.	1/07/2015
12/31/14 22:15	Vancouver	WA	Light	15 minutes	Orange orbs seen in southeast sky over Vancouver WA on New Years Eve at  about 10:15pm	1/07/2015
12/31/14 22:00	Taos	NM	Light	Several minutes	Large ball of orange/yellow light in Taos, NM.	1/07/2015
12/31/14 22:00	Kalispell	MT	Fireball	5 minutes	I was walking down 2nd ave east as I watched fireworks for the New Years  and I saw coming from the SW of town a totally lit object.	1/07/2015
12/31/14 22:00	Spring Hill	FL	Fireball	2:00	Weird fireball on the sky on Spring Hill, Florida.	1/07/2015
12/31/14 21:30	Port Ludlow	WA	Sphere	10 minutes	Orange ball crossing sky.	1/07/2015
12/31/14 21:30	Tampa	FL	Triangle	2-3 minutes	3 Reddish-orange lights in a triangle moving over New Tampa	1/07/2015
12/31/14 21:26	Cayucos	CA	Sphere	1 minute	I feel confident of what observed.	1/07/2015
12/31/14 21:00	Draper	UT	Light	15 minutes	A SMALLER LIGHT OBJECT CATCHING UP AND FOLLOWING AN AIRLINER	1/07/2015
12/31/14 21:00	Calgary (Canada)	AB	Light	3 minutes	3 bright orange lights.	1/07/2015
12/31/14 21:00	Rolesville	NC	Circle	10 minutes	Seen 6 objects that were orange in color round in shape ,all in a line  looked like they were on a string all coming out of the west mov	1/07/2015
12/31/14 20:48	Shasta Lake	CA	Fireball	2 + seconds	Dec 31, 2014, Shasta Lake, CA, extra large fireball with reddish debris  coming off, 2+sec. duration. Largest I have ever seen.	1/07/2015
12/31/14 20:30	St. George	UT	Light	3 minutes	Seven orange lights in Saint George.	1/07/2015
12/31/14 20:27	Grants Pass	OR	Fireball	3 minutes	Bright orange light hovering in the sky.	1/07/2015
12/31/14 20:10	Jacksonville	FL	Fireball	4 minutes	I saw 3 objects one was flaming red with 4-6 flames beneath the other 2  were just red lights	1/07/2015
12/31/14 20:00	Hayden	ID	Fireball	4 minutes	Pinkish circular fireball orbs in the sky, silent, and then vanishing. I  got three out of four on film with my Samsung Galaxy s5.	1/16/15
12/31/14 20:00	Fayetteville	NC	Light	15 minutes	Red lights. Would fade out and reappear in nearby at a different height. No  sound. Attempted to film it with cell phone.	1/07/2015
12/31/14 19:45	Pasadena	MD	Disk	1 minute	Seen 5 bright orange lights approach my home from the southwest. No sound.	1/07/2015
12/31/14 19:45	Pasadena	MD	Disk	2 minutes	Seen 5 bright orange lights approaching my home traveling approx 3 to 4000  feet at 150 to 200 mph to the northeast. looking up at app	1/07/2015
12/31/14 19:40	Cincinatti	OH	Circle	5 minutes	Orange ballot light traveling at constant speed across the sky.	1/07/2015
12/31/14 19:30	McKean Twp.	PA	Light	4 seconds	Two balls of light in clear night sky.	1/07/2015
12/31/14 19:15	Clarksville	TN	Fireball	~10 minutes	Fireball type aircraft making a show on New Year's Eve in Clarksville, TN.	1/07/2015
12/31/14 19:00	Wenatchee	WA	Light	15 minutes	Bright red lights seen over Wenatchee.	1/07/2015
12/31/14 17:34	Lakewood	CO	Chevron	30 seconds	Lakewood, CO.	1/07/2015
12/31/14 14:00	Clearwater	MN		20 seconds	Eastbound light orb seen for approx 30 seconds central MN.	1/07/2015
12/31/14 11:00	Everett	WA	Unknown	15 minutes	It looked like what was a jet going straight up in the sky with jet streams  behind it.... But wasn't moving...then two fighter jets fle	1/07/2015
12/31/14 10:15	Temecula	CA	Rectangle	3 seconds	Blue rectangular, semi-transparent object (~6' x ~12') rose up out of a  small grove of fruit trees and disappeared with a very bright w	1/07/2015
12/31/14 04:59	Calhoun	GA	Circle	20 minutes +	No word processed sorry. I'm in Calhoun ga I live estimate not address off  dews pond towards country. ((NUFORC Note: Star?? PD))	1/07/2015
12/31/14 00:30	Crofton	MD	Chevron	20 seconds	Chevron shaped object.	1/07/2015
12/31/14 00:00	Waimanalo	HI	Sphere	5+ minutes	Orange/yellow (mostly orange) spheres popping out of the sky direction of  Waimanalo Beach Park, Hawaii	1/07/2015
12/30/14 22:30	Rancho Cucamonga	CA	Disk	2-3 seconds	This object was huge with lights on top and bottom	1/07/2015
12/30/14 20:55	Roy	UT	Light	4-5 minutes	6 lights in a random pattern over Roy, Utah.	1/07/2015
12/30/14 19:00	Cromwell	MN		3 minutes	2 flat looking planes with 3 lights on front.	1/07/2015
12/30/14 18:00	Sumner	WA	Light	Seconds	Four lights flashed in the sky.	1/07/2015
12/30/14 16:00	Drexel Hill	PA	Circle	10 minutes	Two spots in the sky did not move for several minutes, seen from a moving  vehicle.	1/07/2015
12/30/14 12:14	Anaheim	CA	Sphere	3 minutes	Many silver spheres.	1/07/2015
12/30/14 11:40	St. George	UT	Other	5:00	Donut, metallic, floating object in the daytime.	1/07/2015
12/30/14 00:05	Swannanoa	NC	Light	3-5 minutes	Never saw anything like B4; no sound, red lights, one by one, straight up,  curved into horizontal flight.	1/07/2015
12/30/14	Bluffton (Canada)		Changing	1 hour	((NUFORC Note: Source provides no information about the incident. Hoax??  PD))	1/07/2015
12/29/14 23:00	Granville	OH	Fireball	~10 minutes	Bouncing ball of orange light turned into two balls of orange dancing light.	1/07/2015
12/29/14 22:00	Tustin	CA	Formation	5-8 minutes	Very bright red objects, round, in formation one behind the other  travelling upwards at a greater speed than any commercial aircraft	1/07/2015
12/29/14 19:45	Southington	CT	Fireball	1st. sighting @ approx.	(1)white-ish pink/(2)red-ish orange massive fireballs hovering over  Southington, Ct. Then darted across sky at a abnormal speed.	1/07/2015
12/29/14 19:30	York	PA	Circle	15 minutes	Lighted objects in the night over York, PA.	1/07/2015
12/29/14 19:30	Wilmington	CA	Other	30 seconds	Fireball seen by multiple adults,children in Wilmington, Ca.	1/07/2015
12/29/14 19:00	San Luis Obispo	CA	Fireball	4 seconds	Large white object with trailing fire. ((NUFORC Note: Multiple witnesses.  Possible bright meteor. PD))	1/07/2015
12/29/14 19:00	Saint Petersburg	FL	Oval	90 seconds	Red glowing orb like on fire in a clear oval shell moving low and silent.	1/07/2015
12/29/14 19:00	Moncton (Canada)	NB	Changing	20 minutes	Strange moving lights in sky..	1/07/2015
12/29/14 18:45	Beacon Falls	CT	Triangle	~10 seconds	((HOAX??)) Huge unidentifiable craft that looked like it was on fire in the  front end, clearly saw it disappear before our eyes.	1/07/2015
12/29/14 18:44	New York City (Bronx)	NY	Light	4 seconds	Bright green object speeding in the sky.	1/07/2015
12/29/14 18:32	Trumbull	CT	Fireball	2 seconds	Aqua fireball trailed by orange flames followed by white tail. Northeast to  northwest direction.	1/07/2015
12/29/14 18:30	Ballston Lake	NY	Circle	very brief	Two large very bright, circular, white lights appeared in a linear pattern  for a brief moment then disappeared.	1/07/2015
12/29/14 18:30	Yorktown	NY	Rectangle	5 seconds	I saw this object out of the side of my car and it was large with a big  neon green glow to it thne shortly after it disapears.	1/07/2015
12/29/14 18:00	Essex	CT	Fireball	30 seconds	Purple, green and white bright colors. Fast, like shooting star, but very  bright and very close.	1/07/2015
12/29/14 17:45	Bridgeport	CT	Changing	5 seconds	Two lights flying, separating and vanishing in midair.	1/07/2015
12/29/14 16:50	Keene	NH	Oval	2 minutes	Oval light over preserve in Keene, NH.	1/07/2015
12/29/14 15:00	Niles	MI	Sphere	~15 minutes	I was visiting my mom in Oak Manor on Monday 12/29/2014. While we were in  her back yard with are dogs after lunch I spotted 2 cylinder	1/07/2015
12/29/14 06:30	Philadelphia	PA	Triangle	5 minutes	Three lighted object in triangle shape.	1/07/2015
12/29/14 03:55	Ellicott City (outside of)	MD	Triangle	1 minute	Large triangle UFO seen on Interstate 95 in Maryland.	1/07/2015
12/29/14 02:30	Penacook	NH	Circle	2 seconds	Glowing, green orb falling vertically from the sky.	1/07/2015
12/29/14 02:00	Hamlake	MN	Light	1 hour	Seen bright light above the trees. ((NUFORC Note: Possible star?? PD))	1/07/2015
12/28/14 23:00	Las Cruces	NM	Triangle	5 minutes	((NUFORC Note: No information provided by witness. PD))	1/07/2015
12/28/14 21:31	Coldwater	MI	Light	10-15 minutes	6 red lights following each other, moving quickly.	1/07/2015
12/28/14 21:00	Westland	MI	Unknown	3+ hours	Light in sky for 3+ hours. ((NUFORC Note: Possible sighting of a  "twinkling" star, maybe Sirius. PD))	1/07/2015
12/28/14 20:58	Culver City	CA	Light	1 second	Singular red light.	1/07/2015
12/28/14 20:30	Salt Springs	FL	Circle	5-10 minutes	Amber or orange orb like with a little flash sometimes along the way South  to North direction for five to ten minutes then I went back	1/07/2015
12/28/14 20:10	Sun Prairie	WI	Fireball	>5 minutes	They looked like 6 flickering fire balls.	1/07/2015
12/28/14 19:50	Sanford	FL	Circle	10 minutes	Circular objects with flashing red and white lights fluttering in the sky.	1/07/2015
12/28/14 19:45	Kanata (Canada)	ON	Fireball	8 minutes	More than a dozen round fiery orange objects floating quietly by in the  night sky.	1/07/2015
12/28/14 19:10	Salem	UT	Light	5-10 minutes	3 orange lights over Salem, Utah.	1/07/2015
12/28/14 18:25	Sarasota	FL	Fireball	2	Orange fireball heading north from Sarasota.	1/07/2015
12/28/14 18:12	Portland	ME	Fireball	5 minutea	My cousin and I were having a cigarette on here porch. Happened to look up  in the sky ,first we seen the orange orb. It was going towar	1/07/2015
12/28/14 18:00	Campo Grande (Brazil)		Fireball	15 minutes	http://g1.globo.com/mato-grosso-do-sul/noticia/2014/12/policia-de-ms-aciona-aeronautica-sobre-objeto-que-apareceu-em-sitio.html	1/07/2015
12/28/14 17:09	UK/Scotland		Light	12 minutes	A star like light moves at high speed across the sky, with rotating colored  lights.	1/07/2015
12/28/14 16:45	Effingham	IL	Sphere	15 minutes	Watched all 3 travel together then 1 hover while the other 2 appeared and  disappear.They were all white and at times looked comet like.	1/07/2015
12/28/14 13:00	Menifee	CA	Other	15 minutes	UFO sighting near Menifee, CA.	1/07/2015
12/28/14 12:10	Bonsall	CA	Cigar	2 minutes	Coming down Hwy 76 i notice a totally 'black' cigar shaped object in the  sky and not far away and not that high up in the sky.	1/07/2015
12/28/14 11:55	Colleyville	TX	Other	12:00	DFW airport area, round object sighted much faster, smaller, shinier and  higher than commercial jets in vicinity.	1/07/2015
12/28/14 11:50	Bellevue	WA	Light	3 minutes	Weird purple cloud at night.	1/07/2015
12/27/14 22:00	Montreal (Canada)	QC	Sphere	2 seconds	Small red sphere seen by two people. Uncloaked and shot out into outer  space.	1/07/2015
12/27/14 21:55	Carmel	NY	Triangle	8	2 red triangles flying close to the ground making no noise over Carmel	1/07/2015
12/27/14 21:30	Raleigh	NC	Light	20	A white light that zig zags in one area of the sky.	1/07/2015
12/27/14 21:30	Reddinton Beach	FL	Fireball	10 minutes	Saw a total of 5 fire balls, 3 were in a horizontal line	1/07/2015
12/27/14 21:00	Reno	NV	Disk	3 minutes	Blue ring with red blinking dots inside caught on video moving in the sky  in irregular patterns.	1/07/2015
12/27/14 20:45	Nazareth	PA	Formation	5 minutes	Three, solid, orange lights under the cloud ceiling. The second and third  lights (the two farthest from me) appeared to have three or f	1/07/2015
12/27/14 20:30	Mentor	OH	Formation	2 minutes	Five red lights in flying in formation Mentor, Ohio December 27, 2014	1/07/2015
12/27/14 20:30	Fayetteville	NC	Fireball	10 seconds	Bright blue light falling from the sky	1/07/2015
12/27/14 20:00	Millbrook	NY	Disk	3 hours	Blinking, waivering aircraft that shoot off and disappear,	1/07/2015
12/27/14 19:45	Pearland	TX	Sphere	3 seconds	An intensive white light flash on residential road, non UFO or trajectory.	1/07/2015
12/27/14 19:00	Colorado Springs	CO	Circle	2 minutes	Bright orange object moving across sky	1/07/2015
12/27/14 18:50	Thetford	VT	Triangle	5 minutes	3 orange lights in triangle formation flying south on I-91 between Thetford  and Hanover.	1/07/2015
12/27/14 18:37	Edmonds	WA	Cigar	1 minute	Bright blue cigar-shaped object that separated into two craft, one craft  flew right and disappeared.	1/07/2015
12/27/14 18:30	Phillipsburg	NJ	Light	A while	I couldn't find an email address, so I apologize for using a report form. I  witnessed people setting off Chinese lanterns in the Logan/	1/07/2015
12/27/14 18:00	Akron	OH	Circle	1-2 hours	Rotating light, making quick circles, being followed by a fainter light  made a continuous circle for around an hour or two.	1/07/2015
12/27/14 17:15	East Charleston	VT	Light	2 minutes	Traveling by truck on Rte 105 East from Derby to East Charleston. Observed  a bright orange light traveling slowly (est. 80-100mph)from	1/07/2015
12/27/14 16:55	Johnson City	TN	Unknown	1 minute	Green glow emerges from Buffalo Mountain.	1/07/2015
12/27/14 11:00	La Canada	CA	Sphere	5 minutes	Large sphere appears in photographs of flying Hawk near Jet Propulsion  Laboratory.	1/07/2015
12/27/14 05:30	Centerville	OH	Light	2 seconds	2 high intensity flashes of light in sky.	1/07/2015
12/27/14 05:05	Gresham	OR	Fireball	2-3 minutes	Two fiery objects holding in a close formation changed direction and  acceleration then one of them appeared to drop debris.	1/07/2015
12/27/14 05:00	Frederick	MD	Flash	1 second	Object not seen. Only fleeting light similar to shooting star only thicker  and closer.	1/07/2015
12/27/14 05:00	Galatia	IL	Diamond	3 minutes	Kite-shaped thing with blue/white light flew in front of suv hovered over  field to my right.	1/07/2015
12/27/14 03:15	Waddell	AZ	Circle	4 minutes	Big orange orb emited a smaller orange orb, then that split to 2, flew  different directions. Big one vanished.	1/07/2015
12/27/14	Philadelphia	PA	Unknown	10+ minutes	Just got this [5:16:36 PM]  https://www.youtube.com/watch?v=_g8YbADR1r8&feature=youtu.be UFO flotilla  over Philadelphia, PA, December 2	1/07/2015
12/26/14 22:00	Phoenix	AZ	Fireball	20 minutes	A row of red orbs flying across city of Phoenix from the far west valley to  the east valley.	1/07/2015
12/26/14 21:40	Villa Rica	GA	Cross		There were flying objects hovering over ATLANTA skies...not at all  airplanes . When they flew over us the headlights turned off!	1/07/2015
12/26/14 21:30	Reed Point	MT	Circle	1/2 +	EXTREMELY BRIGHT FLASHING LIGHTS OF RED, BLUE AND GREEN IN SE SKY. ((NUFORC  Note: Sirius?? PD))	1/07/2015
12/26/14 21:00	Mentor Headlands	OH	Triangle	45 minutes	Triangular pulsating light drops a flashing orb.	1/07/2015
12/26/14 20:45	Chelsea	AL	Triangle	5 minutes	8 stationary objects with red lights hovering in a semi-circle shape for  approx 5 mins in Chelsea, AL	1/07/2015
12/26/14 20:40	Anchorage	AK	Disk	10 seconds	Saucer hovering over military base forest off of Seward Highway in  Anchorage.	1/07/2015
12/26/14 20:30	Cobourg (Canada)	ON	Circle	~5 minutes	4 yellow/orange lights moving with seeming deliberate movement east of  Cobourg, Ontario.	1/07/2015
12/26/14 20:00	Leland	NC	Light	5 seconds	Very bright white light traveling at great speed and at a low altitude was  observed for approx. 5 seconds before I lost sight of it.	1/07/2015
12/26/14 19:15	Oswego	NY	Light	15 seconds	Steady, orange light, moving across the sky and flickering off.	1/07/2015
12/26/14 18:42	Lancaster	CA	Unknown		((HOAX)) Every shape size form there here in Lancaster, California.	1/07/2015
12/26/14 18:15	Los Angeles	CA	Fireball	5 minutes	Orange flame/fire ball disappears up into space.	1/07/2015
12/26/14 18:10	Ogden	UT	Chevron	5 seconds	An object that disrupted the star lit sky around it. Moved 3 miles in  approximately 5 seconds.	1/07/2015
12/26/14 18:00	Cambria	CA	Light	8 minutes	Bright, star like light that hovered over ocean for 3 min, dropping into  ocean with glow on horizon.	1/07/2015
12/26/14 17:00	Hempstead	NY	Cylinder	20 minutes	Cylindrical object seen over Long Island, N.Y..	1/07/2015
12/26/14 17:00	Palmdale	CA	Disk	1 minute	Transparent disc shape flying & caught reflection around the sun set. Full  on saw this looked away looked back it was flying.	1/07/2015
12/26/14 13:48	Las Vegas	NV	Oval	5 minutes	3 chrome objets.	1/16/15
12/26/14 06:27	Shillong (India)		Light	3 minutes	Bright light moving slowly and disappearing into forest, seen from  Meghalaya, India.	1/07/2015
12/26/14 05:00	Newton	MA	Light	5 minutes	Slow moving object, SE direction, definitely not a star, aircraft, or  satellite.	1/07/2015
12/26/14 00:15	Wayne	NJ	Unknown	5 minutes	Fast moving object changing color and making tight curved maneuvers/changes  of direction with near equal climb and dive speed	1/07/2015
12/26/14	Templeton	CA	Triangle	5 minutes	Buzzing triangle aircraft.	1/07/2015
12/25/14 23:45	Huntington	WV	Chevron	5 minutes	UFO Sighted over Spring Valley in Huntington, WV, on Christmas night.	1/07/2015
12/25/14 23:00	St. Pete Beach	FL	Oval	3 minutes	Bright ball of fire moving east over gulf of mexico. st pete beach. Its  real. I saw and recorded it.	1/07/2015
12/25/14 23:00	Orangburg	SC	Formation	5 minutes	I felt them making me aware of their presence.	1/07/2015
12/25/14 22:10	East Wenatchee	WA	Light	30 seconds	Two gold balls of light above Malaga as seen from East Wenatchee	1/07/2015
12/25/14 22:00	Cincinnati	OH	Fireball	3-5 minutes	Five dancing fireballs in the sky over Cincinnati on Christmas night.	1/07/2015
12/25/14 21:36	Los Angeles (Westlake Village)	CA	Unknown	3 - 6 seconds	Flash of light that leaves a trail - spotted over Los Angeles, California!	1/07/2015
12/25/14 21:30	Kent	WA	Fireball	~5 minutes	Reddish Orange Fireball like lights streaking across the sky barely about  the trees, without making any sound.	1/07/2015
12/25/14 21:30	Centereach/Bohemia	NY	Other	1 minute	I'M SURE OF WHAT I SAW.	1/07/2015
12/25/14 21:15	Davie	FL	Light	5 minutes	Orange glow - 'twinkling occasionally'	1/07/2015
12/25/14 21:01	Fairfield	CA	Other	180 seconds	Sighted a bright orange pyramid-shaped object descending through the  atmosphere, leveling off, and flying in a Southeasterly direction.	1/07/2015
12/25/14 20:45	Virginia Beach	VA	Fireball	3 minutes	At around 8:45 tonight 25 Dec 2014 I was standing on my back deck looking  at the moon in the western sky. When i saw what i thought we	1/07/2015
12/25/14 20:30	Hialeah	FL	Triangle	2 minutes +	WHO IS UP THERE?	1/07/2015
12/25/14 20:30	Dubuque	IA	Sphere	2 minutes	Green orb came into sight, stopped in the sky, and started blinking; then  took off.	1/07/2015
12/25/14 20:14	Baytown	TX	Other	3 minutes	Speechlessâ€¦	1/07/2015
12/25/14 19:30	Coral Springs	FL	Formation	2 minutes	Leaving aunt's house for Christmas dinner look up in the sky know it is 3  orange balls in a formation 4 for 2 mins, approx.	1/07/2015
12/25/14 19:30	Satellite Beach	FL		5 minutes	Three bright orange objects in sky of east/southeast of Florida.	1/07/2015
12/25/14 19:10	Newberg	OR	Circle	5 minutes	Orange Orbs over Newberg, OR clouded sky	1/07/2015
12/25/14 18:45	Hillsboro	OR	Light	1 minute	4 or 5 red lights hovering in SW sky Hillsboro Oregon	1/07/2015
12/25/14 18:30	North Myrtle Beach	SC			Multiple witnesses have a neon-colored, glowing, ball fly around them.	1/09/2015
12/25/14 17:45	Coatbridge (UK/Scotland)		Light	5 minutes	At first I looked towards the sky at what I initially thought was a  helicopter. On closer inspection the object did not move.it was the	1/07/2015
12/25/14 17:20	Hollister	CA	Cigar	5 minutes	Long black, long tendrils at one end and a changing shape like the tail of  an aircraft at the other. No sound.	1/07/2015
12/25/14 16:25	Cedar Rapids	IA	Cylinder	4 minutes	White wingless silent cylinder moved at constant speed without contrail  along an apparent straight flight path.	1/07/2015
12/25/14 06:00	Rocky Poiint	NY	Circle	10:00	2 bright lights in the sky. They disappeared then reappeared.	1/07/2015
12/25/14 03:00	Seattle	WA		5 minutes	Strange sounds in north Seattle.	1/07/2015
12/25/14 00:00	Cabo San Lucas (Baja California)(Mexico)		Teardrop	25 minutes	Cabo San Lucas Christmas lights.	1/07/2015
12/25/14	East Grand Rapids	MI	Fireball	5 seconds	Green fireball with red trail headed toward horizon.	1/07/2015
12/25/14	Nashville	GA	Unknown	5 minutes	Orange lights traveling in a southeasterly direction. Object(s) didn't  blink, absolutely no sound either. Watched until it moved out of	1/07/2015
12/24/14 23:00	Vista	CA	Fireball	5 minutes	My family and I were driving home from a Christmas eve at my dads house ,  when my wife said look at that. to my utter amazement I saw 1	1/07/2015
12/24/14 23:00	Nipomo	CA	Diamond	0:00	Diamond shape appeared with a red streak then vanished no trace of the red  colored smoked after the other 2 were just floating.	1/07/2015
12/24/14 23:00	Vista	CA	Fireball	5 minutes	My family and I were driving home from a Christmas eve at my dads house ,  when my wife said look at that. to my utter amazement I saw 1	1/07/2015
12/24/14 22:44	Spring Hill	TN	Circle	3 minutes	3 hovering orange round objects slowly disappeared into the clouds, no  sounds coming from objects. Maybe drones?	1/07/2015
12/24/14 22:44	Spring Hill	TN	Circle	3 minutes	Three orange lights hovering over trees, then slowly follow each other off  into clouds; no sounds at all.	1/07/2015
12/24/14 22:30	San Antonio	TX	Circle	5 minutes	Two bright orange lights were moving straight across the sky with no engine  sound.	1/07/2015
12/24/14 22:00	Beaverton	OR	Cone	3	Illuminated objects hovering, and then disappeared in thin air, one by one.	1/07/2015
12/24/14 20:50	Irvine	CA	Fireball	10 minutes	About 8 fireballs over Irvine, CA.	1/07/2015
12/24/14 20:17	Lafayette	LA	Fireball	2 minutes	Twelve orange/red orbs glided across the sky of Lafayette, LA on Christmas  Eve	1/07/2015
12/24/14 19:20	Pasadena	MD	Formation	10 minutes	12 objects, with reddish orange lights, low in the cloudy sky on Christmas  Eve	1/07/2015
12/24/14 19:00	Greenfield	IN	Formation	2 minutes	The bright lights in a diagonal formation. Moved at medium speed and went  out of view at the horizon.	1/07/2015
12/24/14 18:49	Seattle	WA	Light	4 minutes	Many light (yellow) above my head moving slowly got disappeared in 4 min.	1/07/2015
12/24/14 18:45	Gilbert	AZ	Light	3 minutes	3 Amber/Orange Lights over South Gilbert Arizona	1/07/2015
12/24/14 18:32	Marysville	WA	Sphere	10 minutes	Three orbs U.F.O. 'S SIGHTED AND DOCUMENTED.christmas eve 2014	1/07/2015
12/24/14 17:30	Fairbanks	AK	Triangle	30 minutes	Three distant lights that appears to be aircraft on a collision course. Two  lights disappeared leaving one.	1/07/2015
12/24/14 17:30	Keighley (UK/England)		Light	4 minutes	Please reply if other reports nr same time area PLEASE.	1/07/2015
12/24/14 03:35	North Hollywood	CA	Circle	45 seconds	Bright Orange Light Moving Silently, Low In The Sky	1/07/2015
12/24/14 00:01	Roseville	CA	Fireball	45 seconds	7 fireballs three the first in triangle then four, dark orange, no sound	1/07/2015
12/23/14 22:30	Red Lodge	MT	Triangle	5 seconds	While walking out to my car I saw a silent triangle craft that consisted of  3 faint orange balls. One at tip and two at bottom forming	1/07/2015
12/23/14 22:15	West Sacramento	CA	Chevron	5-7 seconds	Lights in a chevron shape flying over West Sacramento, CA	1/07/2015
12/23/14 21:15	Korfu (Greece)		Sphere	45 minutes	1 big Light.	1/07/2015
12/23/14 21:00	Hammond	IN	Light	2-3 minutes	A group of lights moved across the sky.	1/07/2015
12/23/14 21:00	Hammond	IN	Light	2-3 minutes	A group of lights moved across the sky.	1/07/2015
12/23/14 18:00	Medford	OR	Light	2 minutes	Bright white light moving over Medford, OR moving east accelerated out of  site and disappeared as it approached a plane.	1/07/2015
12/23/14 18:00	Rancho Cordova	CA	Triangle	3-5 seconds	Green triangular craft blinks with white light, then leaves tail of  fluorescent green as it shoots into space.	1/07/2015
12/23/14 17:30	West Allis	WI	Circle	5-10 minutes	Orange/amber lights coming in pairs, equidistant from each other. Some made  triangle formations	1/09/2015
12/23/14 05:00	Belleville	NJ	Unknown	30+ minutes	Bright orange flashing sky.	1/07/2015
12/23/14 02:20	Wilmington	DC	Circle	20 minutes +	Sighting of a look alike 6 bright star like in circle with 1 bright  starlike in middle in Wilmington, De 12/22/2014.	1/07/2015
12/23/14 00:05	Kenmore	NY	Disk	10 minutes	Low, loud, flat bottomed craft flew over my home.	1/07/2015
12/22/14 23:00	Brewer	ME	Fireball	15 minutes	2 fire ball looking objects over brewer, me 04401 around 11:pm	1/07/2015
12/22/14 23:00	Deerfield	WI	Triangle	2 minutes	Saw a triangle with lights above Jc park with couple of my friends. My  phone died when j tried takin a pic of it and then it lit up.	1/07/2015
12/22/14 21:45	Fresno	CA	Fireball	4-5 minutes	I saw three orange redish glowing globes in the sky!	1/07/2015
12/22/14 21:30	Apache Junction	AZ	Light	20 minutes +	I witnessed a hovering line of super bright white lights over the  Superstition Mountains . I first noticed these lights because of the	1/07/2015
12/22/14 20:30	Rancho Cordova	CA	Triangle	15 seconds	Dim red glowing boomerang shaped craft looked as if it was hovering but  moving forward fast not in a straight line, As if flown like re	1/07/2015
12/22/14 20:27	Chicago	IL	Other	few seconds	Flash of short white light over Chicago similar to lightning followed by a  bigger bright blue flash.	1/07/2015
12/22/14 19:50	Houston	TX	Sphere	15 minutes	While walking subdivision park we saw 4 white light objects,1stayed  stationary, 3moved in a > formation,then turn L,then back flat -	1/07/2015
12/22/14 19:00	Redmond	OR	Formation	5 minutes	Red lights in big dipper formation over airport.	1/07/2015
12/22/14 19:00	Memphis	TN	Light	1-2 hours	Large green spherical light in the clouds.	1/07/2015
12/22/14 14:15	Burbank	CA	Sphere	3 minutes	Small silver sphere split into two yellow lights.	12/22/14
12/22/14 00:40	Glendale	AZ	Circle	50 seconds	Orange glowing light over Glendale	1/07/2015
12/21/14 23:45	San Gabriel	CA	Light	15-20 minutes	Strange Red lights over Irwindale, Ca.	1/07/2015
12/21/14 23:15	Everett	WA	Circle	0:00	Waxed and waned for forty five minutes, in circular, in varying speeds.	1/07/2015
12/21/14 22:30	Denver	CO	Sphere	12 minutes	UFO over DIA.	1/07/2015
12/21/14 21:30	Olympia	WA	Light	10-15 minutes	Bright reddish lights traveling west to east.	12/22/14
12/21/14 21:00	Tracy	CA	Circle	2 seconds	Very clear almost as if meant to be seen!	1/07/2015
12/21/14 20:16	Portales	NM	Fireball	5-10 seconds	Bright neon green light lights up horizon.	12/22/14
12/21/14 19:53	Oak Ridge	NJ	Disk	5 seconds	Taking pictures of my Christmas lights and an hat shaped object appeared  going east to west at a high rate of speed.	12/22/14
12/21/14 19:00	Edgewood	NM	Fireball	30 seconds	Orange/Red ball of light moving across night sky at low altitude.	12/22/14
12/21/14 18:50	Lake Worth	FL	Triangle	2 minutes	I was looking toward the east as I finished my cigarette and I saw a big  group of like 9 to 12 glowing orbits in the sky moving west. A	12/22/14
12/21/14 18:00	Lawrence (E of Indianaplis)	IN	Light	45 seconds	Large bright reddish orange light moves straight across sky below the  clouds without making a noise.	12/22/14
12/21/14 17:03	Berlin	CT	Fireball	10 minutes	Two fireball-looking objects flying side-by-side in a sourth-westerly  direction.	12/22/14
12/21/14 16:00	Visalia	CA	Formation	5-10 minutes	Multiple craft forming patterns and flying in unison.	12/22/14
12/21/14 03:00	Peoria	AZ	Other	25 minutes	Amber sphere breaks up into multiple fragments, 2 seperate repeated events.	12/22/14
12/21/14 00:20	Avon Lake	OH	Triangle	20 minutes	Triangular shape seen hovering and then moving away from neighborhoods and  roads.	12/22/14
12/21/14 00:00	New York City (Manhattan)	NY	Unknown	8 minutes	Unknown object hovering over Manhattan Lower East Side Sunday the 21st 0100  hrs..	1/07/2015
12/20/14 23:00	Belleville	IN	Cigar	Few minutes	Cigar shaped craft with pulsating red & green chevron lights hovering over  treeline in Belleville, Indiana.	12/22/14
12/20/14 22:40	St. George	UT	Sphere	10 minutes	Amber sphere traveling east to south west, hovered and disappeared.	12/22/14
12/20/14 22:14	West Hempstead	NY	Light	10 minutes	Two very bright red orange lights that were circular one behind another.  They disappeared two times. Before that I saw 3 grey UFOs.	12/22/14
12/20/14 22:00	Staten Island	NY	Cone	10 minutes	12 cone-shaped flying objects with a strange orange/red glow and some with  flashing lights. They were flying inline towards Atlantic.	12/22/14
12/20/14 21:10	Westminster	CA	Light	1 minute	Deep purple light and no sound w tight/abrupt turn.	12/22/14
12/20/14 20:40	Menasha	WI	Other	4-5 minutes	Polymorphic drone-like craft.	12/22/14
12/20/14 20:00	Middletown	IN	Fireball	10 minutes	Looked as if something was traveling across the sky on fire bright orange  flamelike and moved in a jagged motion continued across the s	12/22/14
12/20/14 20:00	Middletown	IN	Fireball	10 minutes	Looked as if something was traveling across the sky on fire bright orange  flamelike and moved in a jagged motion continued.	12/22/14
12/20/14 19:50	Manteca	CA	Light	1 minute	Purple-Pinkish colored light hovering, then slowly moves East, speeds up &  makes hard turn North, stops, then moves East again...	1/07/2015
12/20/14 19:00	Hugo	MN	Circle	10 minutes	Orange orbs in the sky, rotating around each other in Hugo, Minnesota.	12/22/14
12/20/14 18:30	Fort Myers	FL	Circle	3 minutes	4-5 circle objects in sky.	12/22/14
12/20/14 18:30	Sandown	NH	Light		3 orange reddish orbs of light low in sky.	12/22/14
12/20/14 18:20	Dhubri (India)		Changing	2 minutes	A BIG BRIGHT RED LIGHT SEEN IN THE SKY, CHANGED ITS SHAPE, AN UFO.	12/22/14
12/20/14 17:07	Anderson	IN	Circle	30 seconds to 1 minute	Driving, saw a small dot in the sky. brighter than anything else... was  sort of an orangish color, about 45 seconds later, disappeared.	12/22/14
12/20/14 12:45	Orillia (Canada)	ON	Cylinder	15 minutes	Silver object with a big contrail. ((NUFORC Note: We suspect a  high-altitude jet, generating a contrail in a clear, blue sky. PD))	1/07/2015
12/20/14 09:28	Ventura	CA	Diamond	10 minutes	Black hexagon shaped UFO seen above Ventura on 12-20-14.	12/22/14
12/19/14 22:30	Lakewood	CO	Formation	5 minutes	Strange lights over Lakewood, CO.	12/22/14
12/19/14 22:30	Camburi (Brazil)		Circle	10 seconds	Rotund whitish green light traveling and zigzagging then disappearing at a  very fast speed.	12/22/14
12/19/14 22:30	Lakewood	CO	Light	1 minutes	Orange-Red lights over the Rocky Mountains-Senn in Lakewood, Colorado.	12/22/14
12/19/14 21:20	Winter Springs	FL	Fireball	5 minutes	6-8 orange and red lights seen in a somewhat horizontal alignment.	12/22/14
12/19/14 21:15	Winter Springs	FL	Flash	5 minutes	UFOs were in a pattern, formed like a V-shape at first. The were evenly  spaced. It was very pretty to watch. Red lights mixed w/.	12/22/14
12/19/14 20:54	Bethel Park	PA	Chevron	12 seconds	On this foggy evening we witnessed a very large aircraft make a low, nearly  silent, L shaped turn at a very slow speed.	12/22/14
12/19/14 19:30	Gardner	MA	Formation	2 minutes	Three orange lights moving slow across clear cold sky.. in a triangle  formation.	12/22/14
12/19/14 18:15	Bullhead City	AZ	Other	50 seconds	Large square with rows of lights different colors flying slowly over the  mountain in front of the safeway just off Silver Creek Rd..	12/22/14
12/19/14 15:00	Laurel	MS	Circle	2 minutes	Glowing red sphere slowly descending in the sky.	12/22/14
12/18/14 23:11	Medford	OR	Unknown	1 second	Large bright object coming in fast, then vanishes.	1/07/2015
12/18/14 21:30	Inman	SC	Cigar	1 minute	Very large red laser lights flying low as big as a jet liner witnessed a  mile away by friend flying 100 foot above the ground.	12/22/14
12/18/14 21:30	Cape Coral/Punta Gorda	FL	Unknown	1.25 minutes	Unknown object over North Cape Coral/Punta Gorda.	12/22/14
12/18/14 21:30	Bangor	ME	Chevron	20 seconds	Chevron object seen in night sky.	12/22/14
12/18/14 21:30	Bellaire	MI	Light	1 hour +	Hovering, blinking light in sky, Bellaire, MI. ((NUFORC Note: Sighting of  Sirius. PD))	12/22/14
12/18/14 20:30	Lakeport	CA	Oval	10 minutes	Bright red glowing figure with a bright white diamond shaped light in the  middle hovered low while going a slow speed.	12/22/14
12/18/14 20:30	Yokohama (Japan)		Formation	2 hours +	3 lights in the sky in Yokohama, Japan.	12/22/14
12/18/14 18:10	Vandalia	OH	Other	15 seconds	Strange bright multicolored beams of light were seen near the airport, and  then the lights went out.	12/22/14
12/18/14 18:03	Salem	OR	Light	1 minute	There was only one very large BRIGHT yellowish light traveling from sw to  nw. It was going WA6 faster than any known obj..	12/22/14
12/18/14 17:45	Staten Island	NY	Fireball	15 minutes	Red dots, followed by red clear orb, followed by more red dots.	12/22/14
12/18/14 17:00	Connaught (Canada)	ON	Cigar	5-7 minutes	2 thin horizontal orange lines coming together and fading away.	12/22/14
12/18/14 08:03	Allentown	PA	Other	5 minutes	Series of lights in a flying string.	12/18/14
12/18/14 08:00	Sykesville	MD	Cylinder	3 minutes	On Wednesday 18 December 2014, I was walking out of my house to my car and  noticed what I thought was something bright floating or hove	12/22/14
12/18/14 00:00	Charles City	IA	Light	6 minutes	Lights hovering.	12/18/14
12/17/14 23:00	Sherburne	NY	Light	4 minutes	Very bright vivid blue light making fast erratic movements the disappeared	12/18/14
12/17/14 23:00	Chestnut Hill	MA	Other	15 seconds	Reddish bright object traveling southeast from brookline towards south of  Boston.	12/22/14
12/17/14 21:15	Gardenton (Canada)	MB	Oval	45 minutes	Oval object red, green, blue, white lights. Clear sky; 2130 hrs., Dec  /17/14. ((NUFORC Note: Witness states it was Sirius. PD))	12/18/14
12/17/14 19:30	Luxora	AR	Teardrop	a while	((HOAX??)) I was beamed into thus craft.	12/22/14
12/17/14 18:00	Hogansville	GA	Changing	~15 minutes	Aircraft turned off headlight beam and all lights then began flashing  alternating stacked horizontal rows of blue then red lights.	12/18/14
12/17/14 17:19	LaBelle	FL	Triangle	5-10 seconds	White Triangle in South Florida.	12/18/14
12/17/14 12:00	Cocoa Beach	FL	Light	1 minute	Strange orange light moving steady east over Patrick air force base.	12/22/14
12/17/14 10:00	Portsmouth	VA	Oval	3 minutes	Was @ the light on college drive heading east to 164, look up at an angle  and seen what appeared to be a white/shiny object appear, as	12/18/14
12/17/14 06:00	Lynnwood	WA	Other	2 minutes	Square craft hovering 300ft above road and forest. Four lights circling  around each corner (white and red). Search light looking for so	12/22/14
12/17/14 02:30	Rapid City	SD	Unknown	1 hour	Pulsing noise, purposely did not look for craft. Three seperate nights.  Gets louder and faster as gets closer.	1/07/2015
12/17/14 02:00	Vista	CA	Circle	3 minutes	Hovering ball in my backyard.	12/18/14
12/16/14 21:00	Longview	WA	Diamond	15 minutes	Orange-colored diamond shaped objects.	12/18/14
12/16/14 18:56	Mesa	AZ	Other	~5	4 orange umbrella-like objects seen above Mesa, Az.	1/07/2015
12/16/14 17:55	Naples	FL	Light	3 minutes	About 15 minutes after sunset two small white lights appeared above the  horizon over then Gulf of Mexico heading south east at a slow r	12/18/14
12/16/14 17:30	Caldwell	ID	Cigar	10 minutes	Cigar shaped UFO over Caldwell, ID.	12/18/14
12/16/14 17:23	Lancaster Mill	SC	Sphere	2 minutes	I saw a bright hot white glowing spheric light that started to morph into a  metal or aluminum box.	12/22/14
12/16/14 17:15	Maryland Heights	MO	Triangle	30 seconds	I was driving on my motorcycle on hwy 141at approx. 5:15pm when I looked up  and saw a flying object. The craft was traveling south to s	12/18/14
12/16/14 17:00	Fort Mill	SC	Triangle	:60	Triangular craft with lights are corners with multi row lights in front	12/18/14
12/16/14 09:00	Oklahoma City	OK	Changing	1:00	Shiny small fast moving object in Oklahoma City	12/18/14
12/16/14 06:41	Spring	TX	Chevron	1-2 seconds	Falling object changing direction.	12/18/14
12/16/14 04:00	College Station	TX	Sphere	5 seconds	Bright spherical orb moves across sky with incredible speed before  spontaneously disappearing.	12/18/14
12/15/14 21:32	Accomac	VA	Formation	~5 minutes	I was going on break at work,and like normal went to my car,and looked up  to my left(east) in the sky at the stars as i like to,but als	12/18/14
12/15/14 20:00	Longwood	FL	Chevron	5 minutes	6 lights in a chevron shape.	12/18/14
12/15/14 19:30	Conway	SC	Formation	~10 seconds	Four white lights horizontally, flashing then going out from right to left.	12/18/14
12/15/14 19:00	Harlingen	TX	Light	20 seconds	Very large, low to the groung, bright green light shot across Harlingen, TX  sky	12/18/14
12/15/14 17:45	Southington	CT	Diamond	45 seconds	Two diamond shaped objects over 84 Southington	12/18/14
12/15/14 17:30	Mabton	WA	Light	10 minutes	13 moving objects high angle NE Mabton WA observer for several min.  Pictures taken.	12/18/14
12/15/14 17:30	Orlando	FL	Cigar	10 minutes	Large bright white object	12/18/14
12/15/14 14:00	Port Saint Lucie	FL	Changing	3 minutes	Translucent circular shaped object slowly buzzes the front lawn and, just  as suddenly, seems to be sucked up into the sky.	12/18/14
12/15/14 06:40	Burlington	MA	Light	5-10 seconds	Bright greenish light rose up,stopped then shot across sky	12/18/14
12/15/14 05:30	Lenoir City	TN	Triangle	5 minutes	My wife and I were on our way to work. She said what's that. I turned to  see a triangular very dark in color, probably black, shaped ob	1/07/2015
12/15/14 02:30	Shoreline	WA	Cross	35 minutes	Stationary cross-shaped object flashing lights	12/18/14
12/15/14 02:00	Raleigh	NC	Light	1 minute	Bright fast light crossed the sky at great speed.	12/18/14
12/15/14 01:20	Grand Junction	CO	Sphere	3-5 minutes	Orange sphere with beams of light emanating from it.	12/22/14
12/14/14 22:50	Seattle	WA	Light	15 minutes	Strange lights over Seattle.	12/18/14
12/14/14 22:30	Cochrane (Canada)	AB	Light	40 minutes	Dec. 14th, '14, multi-colored lights hovered in the sky east of Calgary  between 22:30 and 23:30. ((NUFORC Note: Sirius?? PD))	12/18/14
12/14/14 22:30	Framingham	MA	Sphere	3 seconds	Bright Blue Orb descending in night sky	12/18/14
12/14/14 22:25	Aloha	OR	Flash	3 seconds	Driving in my car sitting on 198th facing tv hwy at the light. Saw what  looked like a shooting star, but then it paused in the sky, an	12/18/14
12/14/14 22:00	Augusta	GA	Triangle	30 minutes +	I was coming home from work when I noticed 3 bright lights (red, blue,  green) that where flashing in pattern.	12/18/14
12/14/14 21:30	Rancho Cucamonga	CA	Other	2-3 seconds	A green light like nothing I have seen before.	12/18/14
12/14/14 21:23	Ringgold	GA	Light	Few seconds	Green Light in the Sky.	12/18/14
12/14/14 21:00	Chandler	AZ	Fireball	4-5 minutes	5 orange fireballs seen from Chandler close to Skyharbor Airport	12/18/14
12/14/14 21:00	Altamonte Springs	FL	Flash		Saw a small bright white object flashed across the sky.	12/18/14
12/14/14 21:00	Charlotte	NC	Other	1 hour +	Multi-colored flashing lights around a stationary orb. ((NUFORC Note:  Probable sighting of Sirius. PD))	12/18/14
12/14/14 20:36	Port Saint Lucie	FL	Disk	3 seconds	This was a disk shaped bright white light, very fast,	12/18/14
12/14/14 20:36	Port Saint Lucie	FL	Disk	3 seconds	This was a disk shaped bright white light, very fast,	12/18/14
12/14/14 20:12	Chesapeake	VA	Light	30+ minutes	Odd blinking light in sky moving in odd ways. ((NUFORC Note: "Twinkling"  star, possibly Sirius. PD))	12/18/14
12/14/14 20:00	Manassas	VA	Formation	5 minutes	UFOs above Prince William parkway.	12/18/14
12/14/14 19:00	Evans	GA	Formation	15 minutes	2 UFO Obects Hovering in night sky above Amherst Subdivision.	12/18/14
12/14/14 17:00	Manchester	NH	Diamond	1 hour	3 diamond/oval shaped crafts with lights.	12/18/14
12/14/14 17:00	Stewartstown	PA	Light	2 minutes	2 very bright orange lights in sky.	12/18/14
12/14/14 09:50	Meriden	CT	Triangle	10 minutes	1 Very Large triangle shaped 5 lights around it. flying low and slow just  over the tree tops. several commercial aircraft flying above	12/18/14
12/14/14 07:30	Moscow	ID	Diamond	3 seconds	Startled by light while driving,very bright white and red, very low, very  fast, looked like it was going to hit ground but went behind	12/18/14
12/14/14 05:30	Indiatlantic	FL	Light	1 minute	I had seen what i thought was a star, except they got dimmer and dimmer  until they disapered, with out changing their place.	12/18/14
12/14/14 04:45	Beaverton	OR	Unknown	27 minutes	Multi color lights pulsing and flashing on object. ((NUFORC Not: Sirius??  PD))	12/18/14
12/14/14 04:33	Rumford	RI	Light	2 seconds	An apparent shooting star that had a U-shaped trajectory.	12/18/14
12/14/14 00:30	Mobile	AL	Other	1 hour	many shooting stars before a strange object appeared.	12/18/14
12/14/14 00:08	Orangeburg	SC	Circle	1 minute	at 2408 approx. While traveling north on 301 heading toward 176 in holly  hill, I observed round shaped object with blue,red,and yellow	12/18/14
12/13/14 23:00	San Antonio	TX	Triangle	30 minutes	yellowish orangeish triangular shape	12/18/14
12/13/14 21:48	Orange County (in southern part)	CA	Fireball	3 seconds	Fireball seen clearly in South Orange County LA area.	12/18/14
12/13/14 21:30	Plantation	FL	Light	2 seconds	Walking my dog, I hear a constant whooshing noise coming from the north. I  walk south and look behind me and see an orb of light shoot	12/18/14
12/13/14 21:30	Holiday	FL	Fireball	sky	There were 3 ufos flied in sky!	12/18/14
12/13/14 21:15	Canton	MS	Changing	1 hour	Changing shaper with multicolored lights. ((NUFORC Note: Possible sighting  of Sirius?? PD))	12/18/14
12/13/14 21:00	Thornton	CO	Triangle	30 seconds	((HOAX??)) fast silent low flying objects	12/18/14
12/13/14 21:00	Pawling	NY	Sphere	2-5 minutes	Two Red, Round, Erratically Pulsating Objects	12/18/14
12/13/14 21:00	Casselberry	FL	Light	30 seconds	Bright fast moving object flying parallel to the horizon	12/18/14
12/13/14 20:30	Vero Beach	FL	Sphere	40 seconds	Red sphere with yellow light in middle.	12/18/14
12/13/14 20:30	Geigertown	PA	Other	15 minutes	Strange Booming noises with flashes of light in very rapid succession.	12/18/14
12/13/14 19:30	Hemet	CA	Other	30 seconds	redish glowing object with visible bow shock streaking through night sky	12/18/14
12/13/14 19:30	Aberdeen	MD	Other	15 seconds	Boomerang shaped object over Aberdeen, Maryland.	12/18/14
12/13/14 19:30	Des Moines	WA	Disk	Unknown, I drove past the	5 circular disks hovering in straight line.	12/18/14
12/13/14 19:15	Ocala	FL	Unknown	5-10 minutes	Multiple lights hovering in the sky.	12/18/14
12/13/14 19:00	South Abbeville	LA	Light	1 minute	Seen a large ball off light zig zagging Like it was crashing then shot  westward.	12/18/14
12/13/14 18:45	Portland	OR	Unknown	5-7 minutes	Orange/Red lights in a formation pattern moving from East to West over I-5  in Portland	12/18/14
12/13/14 17:40	Myrtle Beach	SC	Teardrop	~5 minutes	ITS NOT A SHOOTING STAR.	12/18/14
12/13/14 17:30	Annapolis	MD	Formation	5 minutes	I video-taped over 4 minutes of incident.	12/18/14
12/13/14 17:00	Winston-Salem	NC	Sphere	15 minutes	Orb that moved erratically and shifted from white to a blue violet color.  The blue shift seemed to affect my camera's focus. We watched	12/18/14
12/13/14 11:43	Texarkana		Triangle	1 minute	I was siting out side watching a meator shower and i looked up and saw a  triangle shaped object hovering across the sky i hollerd over	12/18/14
12/13/14 06:40	Sebring	FL	Unknown	4	Moving light in night sky, not airplane or sattelite for sure	12/18/14
12/13/14 04:40	McGehee	AR	Cylinder	Watched about 5 min then	Similar airplane lighted and look (except red and blue) of object that was  stationary and not making any disernible noise.	12/18/14
12/13/14 04:30	Carson City	NV	Circle	~30 minutes	One bright white circle and two reddish trangluar flying objects.	12/18/14
12/13/14 03:00	El Cajon	CA	Circle	5 minutes	Bright, solid white object high in the sky would move slow and dart up and  down; then disappeared	12/18/14
12/13/14 02:00	Decatur	GA	Light	8-10 seconds	Bright yellow-white sphere/orb light inside 4th floor bedroom window.	12/18/14
12/12/2014 22:45:00	Grants Pass	OR	Light	i only saw it for maybe 1	Cluster of lights in the sky in southern Oregon.	12/18/14
12/12/2014 22:20:00	Palm Coast	FL	Unknown	2 minutes	2 bright white lights size of headlights on a car with white light between  them that weren't moving and then were just gone.	12/18/14
12/12/2014 20:25:00	Pawtucket	RI	Oval		4 oval shaped blue lights in the sky circling and in a pattern of coming  all together. ((NUFORC Note: Advertising lights. PD))	12/18/14
12/12/2014 20:00:00	Bremerton	WA	Light	10 minutes	Orange star-like lights above Bremerton, WA.	12/18/14
12/12/2014 20:00:00	Kailua (Kona)	HI	Circle	1 minute	I was watching tv with my husband and saw a circular item in the sky fly  very low and very fast past our house. I said "what the h	12/18/14
12/12/2014 19:30:00	Palm springs	CA	Diamond	5 minutes	The big, fast spacecraft glares in the sky but then disappeared in the  clouds 5 min later lights we're moving in the clounds	12/18/14
12/12/2014 19:25:00	Los Angeles	CA	Unknown	1 minute	Thought it was an airplane taking off but the angle went to far up and  across the LA valley. ((NUFORC Note: Missile launch. PD))	12/18/14
12/12/2014 19:25:00	Redondo Beach	CA	Chevron	2 minutes	Large bright red object flying at an even pace, leaving an enormous slender  fluorescent-blue crescent wake. Seemed like it was skimming	12/18/14
12/12/2014 19:25:00	Lakewood	CA	Changing	5 minutes	Red streak moving across the sky.	12/18/14
12/12/2014 19:25:00	Sherman Oaks	CA	Other	10 minutes	Orange and yellow ball shaped flying object changes rapidly while moving  over Sherman Oaks, California.	12/18/14
12/12/2014 19:22:00	Riverside	CA	Other	5-7 seconds	Friend's phone call leads to mutual sighting of object with odd 'plume'.	12/18/14
12/12/2014 19:15:00	San Fernando Valley	CA	Circle	2 minutes	Glowing trail behind object, trail dies, becomes semi circle, disappears.  ((NUFORC Note: Atlas V missile launch. PD))	12/18/14
12/12/2014 19:15:00	Summerland	CA	Changing	3 minutes	Craft with tail moving through the sky appeared to have a force field.  ((NUFORC Note: Atlas V rocket launch. PD))	12/18/14
12/12/2014 19:00:00	Anaheim	CA	Chevron	1 minute	That it was big and a different shape that disappeared before our eyes.  ((NUFORC Note: Atlas V missile launch. PD))	12/18/14
12/12/2014 18:20:00	Julesburg	CO	Flash	5 minutes	Never in my life have I seen any aircraft that stays stationary and light  up so brilliantly with no sound or movement.	12/18/14
12/12/2014 17:30:00	North Wales	PA	Triangle	5 minutes	I heard an extremely loud noise outside, and went onto my balcony to  investigate. I saw an very very large green light headed my direct	12/18/14
12/12/2014 17:30:00	Sioux City	IA	Other	180 seconds	Silent Matte Black Square.	12/18/14
12/12/2014 13:00:00	South Lake Tahoe	CA			South lake tahoe in the sky over the high school, 3 triangle shaped white  lights slowly moving together.	12/18/14
12/12/2014 12:40:00	Cartersville	GA	Unknown	3.6 minutes	Looking up towards the west I noticed an object that flashed from white to  green to red. ((NUFORC Note: Possible star?? PD))	12/12/2014
12/12/2014 12:30:00	Metairie	LA	Light	1 minute	I WAS WALKING MY DOG AND I SAW SOMETHING RED MOVING ON THE SKY, I THOUGHT  IT WAS AN AIRPLANE BUT THEN I SAW THAT IT WILL PAUSE AND MOVE	12/18/14
12/12/2014 10:39:00	Colorado Springs	CO	Other	2 seconds	I once studied architecture and instead became a gent. In the  east-northeast of Colorado Springs in the Garden of the Gods area an eve	12/18/14
12/12/2014 10:30:00	Greensburg	IN	Circle	30 minutes	Bright strobing multi colored star like object.	12/22/14
12/12/2014 9:10:00	New York City	NY	Rectangle	10 minutes	Saw strange flying object hover over head for 10 minutes.	12/18/14
12/12/2014 7:32:00	Port Saint Lucie	FL	Oval	2 minutes	At first we saw three orange ovals in a pentagon shape formation . then  they slowly started to fade. after i kept watching because i ha	12/18/14
12/12/2014 7:00:00	Waco	TX	Light	1:00	Light shooting across sky, change direction, then fade with other	12/18/14
12/12/2014 7:00:00	Los Angeles	CA	Sphere	~20-30	Red star like orb with a visible shockwave that dissipated then reapeared  as a red circular orb of light before dissipating completly.	12/18/14
12/12/2014 6:30:00	Isle of Man (UK/England)		Light	2 seconds	Over the Isle of Man, very fast moving light, diving then zooming.	12/12/2014
12/12/2014 1:00:00	Miamisburg	OH	Changing		Bright color changing and, shape shifting object seen over Miamisburg, OH.  ((NUFORC Note: Possible "twinkling" star?? PD))	12/12/2014
12/12/2014 0:00:00	Spotsylvania	VA	Unknown	1 minute	White then orange orb gained a "tail of light" when chased off by a heli.	12/12/2014
12/11/2014 23:25:00	Kenner	LA	Chevron	~1 minute	Strange, chevron-shaped, ufo moving east to west over Kenner.	12/12/2014
12/11/2014 23:15:00	Eugene	OR	Disk	2 minutes	Dual orange orbs in Eugene, Oregon. 12/11/2014.	12/12/2014
12/11/2014 22:00:00	Burlington	NC	Light	45 minutes	Cluster of moving lights.	12/18/14
12/11/2014 20:04:00	Phoenix	AZ	Chevron	3 minutes	4 Orange Lights Spotted South Of The Phoenix Area.	12/12/2014
12/11/2014 20:00:00	Franklin	NC	Disk	5 minutes	There were 5 or 6 lights in a row blinking, whites and reds. It was just  sitting there over top the ridge of the mountains.	12/12/2014
12/11/2014 19:00:00	Hatfield	PA	Fireball	5 minutes	Clearly visible fireball over Hatfield, PA.	1/16/15
12/11/2014 18:30:00	Longview	WA	Cylinder	10 seconds	Two cylinder shaped objects that flew parallel in the sky.	12/12/2014
12/11/2014 17:30:00	Markesan	WI	Light	10 minutes	Dark sky, large lights, nothing like an airplane, turning on and off in a  pattern.	12/12/2014
12/11/2014 16:40:00	Birmingham	AL	Fireball	20 minutes	UFOs moving fast like fireballs or individual rockets.	12/12/2014
12/11/2014 16:20:00	Hoover	AL	Light	15 minutes	4 white floating streaks of light, that moved in no particular order in  Hoover area	12/18/14
12/11/2014 6:40:00	Arvada	CO	Fireball	1 minute	I was on my way to school Thursday morning, around 6AM. As I looked out the  windshield, I saw a huge white ball of light with a tail, l	12/18/14
12/11/2014 6:00:00	New York City (Brooklyn)	NY	Oval	2:00	This is the second sighting in the same location. I have a city view and my  area is very active with ufo sightings for some reason I ca	12/18/14
12/11/2014 6:00:00	West Milford	NJ	Fireball	10 seconds	Strange light across sky.	12/12/2014
12/11/2014 0:00:00	Williamsburg	VA	Egg	10 minutes	Bright light object with three clusters of light.	12/12/2014
12/10/2014 21:20:00	Mesa/Chandler	AZ	Sphere	20 minutes	Multiple orange spheres over Mesa/Chandler, AZ.	12/18/14
12/10/2014 21:00:00	Westland	MI	Triangle	3-5 minutes	Strange glowing object seen in the sky, moving east to west.	12/18/14
12/10/2014 20:30:00	Chandler	AZ	Sphere	1 hour	1-7 bright orange spheres seen for over an hour in Chandler, Arizona, near  the Gila River Reservation.	12/12/2014
12/10/2014 20:10:00	Mesa	AZ	Sphere	15 minutes	Orange spheres over Mesa.	12/18/14
12/10/2014 20:00:00	Maricopa	AZ	Formation	20-25 minutes	Bright orange lights over Maricopa.	12/12/2014
12/10/2014 19:30:00	Litchfield Park	AZ	Formation	20 minutes	Multiple lights in the sky in Litchfield Park, Arizona.	12/12/2014
12/10/2014 19:15:00	Flagler	CO	Light	1 minute	Eastern Colorado lights.	12/12/2014
12/10/2014 19:00:00	Garner	NC	Light	12 minutes	Lights in distance quickly moving in every direction then shooting up at  great speed.	12/12/2014
12/10/2014 18:45:00	National City	CA	Triangle	~1 minute	I had a sighting on 12-10-14 in National City, California. It was a perfect  triangle covered with lights across the whole bottom. It	12/18/14
12/10/2014 17:48:00	Leeds	WI	Light		Amber colored lights appear in the sky.	1/07/2015
12/10/2014 17:30:00	Ruidoso	NM	Fireball	20 minutes	1 lg. bright orange orb that split into 3 orbs. Fighter jets chased them &  they disappeared. Mil. jets, helis, and a b2 followed.	12/12/2014
12/10/2014 16:10:00	Yucaipa	CA	Disk	10 minutes	Glowing saucer dome shape on top and bottom with lights on top of doom  flashing, grey metallic color.	12/12/2014
12/10/2014 13:03:00	Eloy	AZ	Other	4 minutes	Unknown object over Eloy, Arizona. Daytime sighting.	12/12/2014
12/10/2014 6:30:00	Longmont	CO	Sphere	continuous	Possible drone flying in circles very high altitude, Eastern sky 35 degrees  declination.	12/12/2014
12/10/2014 5:00:00	Warminster	PA	Triangle	3 minutes	Three lights flying in strict formation, but gave impression that it was  one object. Not solid-- did not block stars behind it.	12/12/2014
12/10/2014 3:00:00	Merigold	MS	Light	10 minutes	Lighted up yard early morn, then lights going around object in a vertical  circular formation and slowly vanished.	1/07/2015
12/10/2014 1:18:00	Rentz	GA	Triangle	8-10 minutes	Initially, started as shooting star, then became 3 bright lights. Flew in  complete silence. Body of craft was almost transparent.	12/12/2014
12/09/2014 21:42:00	Mission Viejo	CA	Fireball	3 minutes	Vibrant, blue/purple fireball hovering and spanning across the night sky in  Mission Viejo.	12/12/2014
12/09/2014 20:48:00	Salt Lake City	UT	Egg	4-5 seconds	Blue-green craft in the sky, then disappearing.	12/12/2014
12/09/2014 20:44:00	South Jordan	UT		2 seconds	Saw a huge round bright white orb shoot downward incredibly fast NW in the  night sky. It dissipated to black within a couple seconds.	12/12/2014
12/09/2014 20:00:00	Des Moines	WA	Formation	30 seconds	Des Moines, WA, 6 white orbs in diamond configuration on east side of Maury  Is, WA 8pm 12/9/14.	12/12/2014
12/09/2014 18:20:00	Sulphur	LA	Circle	8 minutes	It look like it was try to say or do.something but it wanted my attention.	12/12/2014
12/09/2014 18:15:00	Bellefontaine	OH	Unknown	3 minutes	Silent low level object with red&white lights flying into a head wind east  of Bellefontaine Ohio.	1/07/2015
12/09/2014 17:15:00	Loveland	CO	Circle	15 minutes	Orange/Pink orb moving at high rate of speed over Loveland/Fort-Collins  heading north to Wyoming.	12/12/2014
12/09/2014 16:55:00	Mauston	WI	Light	1.5 minutes	I seen two blinking lights in the north, one directly above the other. They  blinked from really bright to dark.	12/12/2014
12/09/2014 6:40:00	Meadowview	VA	Triangle	1 minute	My husband and teen sons were driving on I81 towards Bristol about a 2mi.  past the Glade Spring exit and saw from a distance an wha	12/12/2014
12/09/2014 2:30:00	Morgantown	WV	Other	15 seconds	Entity showed itself next to black mass in Morgantown, WV.	12/12/2014
12/09/2014 2:00:00	Twin Falls	ID	Triangle	15 seconds	6 orange lights above airport in triangle shape and all disappearing.	12/12/2014
12/08/2014 22:40:00	Republic	MO	Circle	5 minutes	Red, circular, object shot straight up into sky and broke into three, and  flew east.	12/12/2014
12/08/2014 22:01:00	Arvada	CO	Light	10 minutes	Amber Light Changes Solid Red.	12/12/2014
12/08/2014 22:00:00	Military training site	NM	Formation	10 minutes	Three lights near our training sight.	1/07/2015
12/08/2014 19:15:00	Mount Juliet	TN	Light	30	((HOAX??)) Bright Neon Orange light 20 feet above tree level, oval like  sphere vanished appeared to be fare in distance.	12/12/2014
12/08/2014 19:00:00	Gibsonia	PA	Circle	1-3 minutes	Three red-orange round "fiery," quiet, objects in an apparant "maneuver."	12/12/2014
12/08/2014 18:55:00	Phoenix	AZ	Fireball	2 seconds	A large fireball traveling NW at a very high rate of speed. ((NUFORC Note:  Possible meteor?? PD))	12/12/2014
12/08/2014 18:36:00	Mission Viejo (headed towards)	CA	Circle	88 seconds	DETAIL IN THE ZOOM of a bright round fast moving object (might show glimpse  of the propulsion of these objects) SOUTH ORANGE COUNTY CA	12/18/14
12/08/2014 7:20:00	Yorktown Heights	NY	Circle	7 seconds	circle object flying at low speed.	12/12/2014
12/08/2014 4:55:00	Plymouth	MN	Other	12 seconds	Huge electric blue flash lasting 12 seconds in NE sky, pulsing and  flickering. I was driving in Plymouth, foggy wet morning.	12/18/14
12/08/2014 4:20:00	Auburn	AL	Oval	Afternoon	While driving, I looked out the window and there was an object, and it  looked odd. Then I took a picture of the unusual object.	12/12/2014
12/08/2014 3:05:00	Worcester	MA	Light	200 milliseconds	White ball moving at extreme speed.	12/12/2014
12/07/2014 21:00:00	Palmdale	CA	Oval	15 minutes	Oval-shaped aircraft with red and white lights, making a distinct buzzing  sound, hovers over the Palmdale, CA, desert for 10 min..	12/12/2014
12/07/2014 20:53:00	Villa Rica	GA	Cross	30 minutes	((HOAX??)) Drones everywhere in Atlanta.	12/12/2014
12/07/2014 20:15:00	Mountain City	TN	Light	5 minutes	Any info appreciated please.	12/18/14
12/07/2014 19:40:00	Cedar Park	TX	Unknown	a few minutes	Flashing lights (1 red 2 green) with whirring sound, stopped, then changed  direction, then went down towards the earth.	12/12/2014
12/07/2014 18:22:00	Fort Collins	CO	Light		Bright white light.	12/12/2014
12/07/2014 17:20:00	Morrisville	VT	Other	2 seconds	Large, plane-shaped object, illuminated by orange lights, seems to fall out  of sky, but makes no sound.	12/12/2014
12/07/2014 16:20:00	Carleton Place (Canada)	ON	Unknown	3:00	Bright orange object hovering East between Carleton Place & Ottawa, Ontario	12/18/14
12/07/2014 12:07:00	Simi Valley	CA	Sphere	1 minute	A black round object flew across the sky in day time from East to West in  Simi Valley.	12/12/2014
12/07/2014 12:00:00	Montclair	CA	Other	5 minutes	Creepy reddish orange floating eye,(light)!	1/07/2015
12/07/2014 6:55:00	Hooker	OK	Circle	45 seconds	Large, bright orb moved across sky in irregular patterns before vanishing.	12/12/2014
12/07/2014 6:40:00	Los Gatos	CA	Oval	1 minute	A very bright oval shape object seen early in the morning while driving on  highway 17.And then vanished!	1/07/2015
12/07/2014 2:15:00	Porter	TX	Light	2 minutes	Ball of light.	12/12/2014
12/07/2014 0:19:00	Chicago	IL	Triangle	1 second	Unkown object seen in Chicago.	12/12/2014
12/07/2014 0:00:00	Santa Rosa	CA	Sphere	45 minutes	Three white, multi-faceted, pulsing orbs form a triangle.	12/12/2014
12/06/2014 23:00:00	Rochester	MI	Oval		((HOAX??)) Can't put what I saw in one sentence, not possible.	12/18/14
12/06/2014 21:00:00	Gilbert	AZ	Changing	2-3 minutes	Bright glitter/shimmering, long-tailed UFO's in Gilbert!	12/12/2014
12/06/2014 21:00:00	Racine	WI	Light	2 hours	Color-shifting bright light moving slowly across night sky. ((NUFORC Note:  Possible sighting of star, Sirius?? PD))	12/12/2014
12/06/2014 20:00:00	Mesa	AZ	Oval	10 minute	Three lights in sky appear and disappeared.	12/12/2014
12/06/2014 19:00:00	Clearville	PA		loud bang	Loud bang.	12/12/2014
12/06/2014 18:10:00	Patterson	NY	Triangle	5 minutes	Driving down 311 into Patterson from 22 and I see 3 bright lights that were  clearly above the trees on the horizon. As we approached, w	12/12/2014
12/06/2014 17:45:00	Eagle Mountain	UT	Circle	1 minute	Bright white light bluish tinge marquis shaped lights on circular object.	12/12/2014
12/06/2014 12:00:00	Apache Junction	AZ	Triangle	5 minutes	Has anyone else noticed the increased military activity in the skies above  the east valley, Mesa, AZ.	12/12/2014
12/06/2014 7:30:00	Owensboro	KY	Fireball	10-15 minutes	Red orange objects seen flying over Owensboro, KY.	12/12/2014
12/06/2014 1:00:00	North Pole	AK	Triangle	3 minutes	Large triangular shape with lights hovering over the outskirts of North  Pole.	12/12/2014
12/06/2014 0:22:00	Prescott	AZ	Fireball	3 seconds	Blue/white ball of light falling toward Earth, and same color arrow shaped  light which lit up in front of/below it.	12/12/2014
12/05/2014 21:30:00	Dartmouth (Canada)	NS	Light	30 minutes	I went outside to my balcony to have a smoke and I looked up to the sky and  saw 15 lights flashing and blinking. Some were hovering and	12/12/2014
12/05/2014 21:00:00	West Allis	WI	Light	30 seconds	Point of green light zooming back and forth between the rooftops in  downtown West Allis.	12/12/2014
12/05/2014 21:00:00	West Allis	WI	Light	10-15 seconds	Greenish blue light made a u-turn over 71st and Greenfield.	12/12/2014
12/05/2014 19:40:00	Franklin	WI	Light	3-4 minutes	Blue light that changed colors, directions, and disappeared	12/12/2014
12/05/2014 18:45:00	Levittown	PA	Chevron	1 minutes	3 chevron-shaped amber objects engulfed with flames underneath flying in  several formation patterns.	12/12/2014
12/05/2014 18:29:00	West Roxbury	MA	Light	10 minutes	4 lights meeting at a point, rotating 45 degrees, then meeting again.	12/12/2014
12/05/2014 17:45:00	Salt Lake City	UT	Circle	4 minutes	An orange orb traveling low and slow north to south to quickly ascend,  erratic flight path and intermittent flicker.	12/12/2014
12/05/2014 3:30:00	St. Johns River	FL	Light	6 minutes	St. Johns (Route 417): a light overhead dropped to the water level and  straight into the tree line.	1/09/2015
12/04/2014 21:00:00	Fairfax	VT	Disk	2 hours	Two-hour UFO event in Franklin County, Vermont, multiple witnesses.	12/12/2014
12/04/2014 19:00:00	Attalla	AL	Light	2.5-3 hours	Lights in circular motion going in to one another. Stood in same spot for  along time before moving about 60 ft. When they left. They l	12/12/2014
12/04/2014 18:30:00	Spring Valley	CA	Triangle	6-7 minutes	I saw a triangle.	12/12/2014
12/04/2014 18:00:00	I-80 (47 miles west of UT)	NV	Light	5 seconds	Heading west on Hwy 80, about 47 miles into NV (from UT). NW of the highway  in the distance. It looked like a ball of flame.	12/05/2014
12/04/2014 17:00:00	Tampa	FL	Light	1 hour	Strange light falling from the sky, and aircraft chasing it. ((NUFORC Note:  Photo appears to show contrails behind a/c. PD))	12/05/2014
12/04/2014 16:45:00	Westchester	CA	Sphere	15 seconds	Three bright white spheres.	12/05/2014
12/03/2014 23:00:00	Albuquerque	NM	Other	15 seconds	Aircraft shaped like a sine curve, with a green neon light tracing its  edges.	12/05/2014
12/03/2014 22:43:00	Bunn	NC	Circle	3 seconds	Sighted a bright white circular object move across the sky just north of  the Moon.	12/05/2014
12/03/2014 22:10:00	Stony Point	NY	Circle	5 minutes	We noticed a formation of objects first flying in a formation similar to  the Little Dipper traveling from east to west.	12/05/2014
12/03/2014 21:45:00	Dallas	OR	Circle	3 minutes	Large glowing orb that looks like a star from a distance but hovers 300  feet or so above tree line.	12/05/2014
12/03/2014 21:30:00	Kannapolis	NC	Triangle	2-5 minutes	3 white lights in triangular formation hovering in the NW sky of Kannapolis.	12/05/2014
12/03/2014 21:16:00	Carson City	NV		5 minutes	Two objects followed by 20 white lights in a scattered triangle formation.	12/05/2014
12/03/2014 20:55:00	Meansville	GA	Formation	5 minutes	Large formation of red lights with lead light being white.	12/05/2014
12/03/2014 20:30:00	Fort Detrick	MD	Fireball	Few seconds	1 fireball broke into 2 fireballs. ((NUFORC Note: Possible meteor?? PD))	12/05/2014
12/03/2014 20:30:00	Front Royal	VA	Fireball	1 minutes	Fireball.	12/05/2014
12/03/2014 20:30:00	Uniontown	OH		Few seconds	Stepped out of house to go to a store. Saw this huge craft with a long  blueish white streak across the sky from east to northwest.	12/05/2014
12/03/2014 20:25:00	Owings Mills	MD	Fireball	2 seconds	Large, bright double trail low in the sky, falling quickly to the ground.  ((NUFORC Note: Possible meteor?? PD))	12/05/2014
12/03/2014 20:00:00	Altoona	PA	Fireball	2-3 seconds	Roman candle-like fireball streaking across Altoona sky.	12/05/2014
12/03/2014 19:00:00	Fort Wayne	IN	Fireball	10 minutes	Red fireball changing direction in sky.	12/05/2014
12/03/2014 18:42:00	Greenfield	IN	Light	10-15 seconds	Bright light hovers then shoots upwards.	12/05/2014
12/03/2014 18:00:00	Tinley Park	IL	Triangle	45 minutes	Bright red lights flashing look like lights in a triangle formation.  Noticed small moving obj's in the sky with red and blue lights.	12/05/2014
12/03/2014 17:00:00	Independence	MO	Disk	15 minutes	Round disk silver nickle collar. it had black spots on its sides as if  there was air vents open with disk shape open lids above.	1/07/2015
12/03/2014 13:00:00	Canton	MI	Cylinder	1-2 hours	I was going to bed when I noticed colorful lights blinking outside. It  definitely wasn't a plane or Christmas lights.	12/05/2014
12/03/2014 7:15:00	Milwaukee	WI	Light	10 seconds	Two points of light above Bayview.	12/05/2014
12/03/2014 6:50:00	Colwell	IA	Light	5 minutes	Reddish light fixed to the North, disappeared, returned as clear green  light a mile to the East.	12/05/2014
12/03/2014 5:51:00	Broken Arrow	OK	Fireball	2 minutes	Orange glow in sky above broken arrow.	12/05/2014
12/03/2014 4:45:00	Brooksville	FL	Triangle	10 seconds	UFO seen over Brooksville, Florida, with excellent picture of triangular  object!	12/05/2014
12/02/2014 23:00:00	Falls Church	VA	Rectangle	2 minutes	A light that followed me while I was driving.	12/12/2014
12/02/2014 20:50:00	Issaquah	WA	Formation	1 minute	Helicopter following 2 black "holes" in sky.	12/05/2014
12/02/2014 19:10:00	Murpheesboro	TN	Fireball	10-15 seconds	I saw 2 ufo fling in the sky 1 looked like it was on fire and falling ufo  number 2 look like it came down to help it was like it used s	12/05/2014
12/02/2014 18:30:00	La Junta	CO	Light	10 minutes	Several bright lights appeared one at a time, and disappeared. 3x different  times over about 20-30 miles and 10 minutes as we drove.	12/05/2014
12/02/2014 7:15:00	Surprise	AZ	Sphere	30 seconds	Taking picture and saw light from corner of my eye. Looked up and saw it  travel from south to north.	12/05/2014
12/02/2014 6:00:00	Reading	PA	Formation	15	Never seen anything so unlike a plane nor helicopter just weirded me just  watching it then simply disappeared.	12/05/2014
12/02/2014 3:30:00	Eagan	MN			At 3:30 AM on Dec. 2, 2014, my daughter's boyfriend saw a very bright light  shine in my daughters window for 5 sec..	12/05/2014
12/01/2014 23:58:00	Powhatan	VA	Flash	5 seconds	We saw a bright blue and red flash from above the clouds that was silent  and looked like an explosion.	12/05/2014
12/01/2014 23:35:00	Naperville	IL	Light	~10 minutes	Light above Naperville.	12/05/2014
12/01/2014 22:55:00	Merriam	KS	Fireball	~5 minutes	Fireball in the sky that moved slowly then vanished.	12/05/2014
12/01/2014 22:00:00	Bogota D.C. (Colombia)		Circle	40 minutes	Red disk with lights around flying in the sky.	12/05/2014
12/01/2014 21:15:00	Springdale	AR	Fireball	1 minute	I was sitting on my porch when a bright red firey ball/sphere zipped across  the sky and dissapered and a few seconds later it appered	12/05/2014
12/01/2014 21:15:00	Tarentum	PA	Light	10 seconds	A bright light appeared in the sky, started moving south slowly then it  moved really fast. Light seemed blurred from overcast sky.	12/05/2014
12/01/2014 20:37:00	Prescott	AZ	Light	2-3 seconds	Triangular/Chevron of three white lights flew extremely fast East over ERAU  in Prescott, AZ	12/05/2014
12/01/2014 18:40:00	Hartford	WI	Fireball	20 seconds	Fiery, round, object blazed across the night sky, descending rapidly toward  an adjacent field. The flames dissipated as it drew closer.	12/05/2014
12/01/2014 18:20:00	Indian Trail	NC	Sphere	5 seconds	Observed a very bright light changing colors and blinking on and off in the  sky.	12/05/2014
12/01/2014 16:45:00	Lowell	MA	Circle	2-3 seconds	Strange orange object with trail appearing and disappearing quickly at  civil twilight.	12/05/2014
12/01/2014 14:00:00	Virginia Beach	VA	Light	10 seconds	Bright round shiny object.	12/05/2014
12/01/2014 10:00:00	Sheridan	WY	Other	5 minutes	Bright Light U.F.O.. ((NUFORC Note: Possible contrail?? PD))	12/12/2014
12/01/2014 6:50:00	Hearthill (UK/Scotland)		Light	5 minutes	Seen a light appearing then disappearing about 3x after disappearing for  last time seen a light shooting across sky at super speed.	12/05/2014
12/01/2014 2:00:00	Arlington	TX	Unknown	45 minutes	Got up to turn heater on and could hear what sounded like the sound barrier  had been broke like fighter jets.	12/05/2014
12/01/2014 1:30:00	Eustis	FL	Triangle	5 minutes	Blue triangle lights over Eustis, FL.	12/05/2014
12/01/2014	Saint Paul	MN	Light	4 seconds	While driving 94 East by downtown St. Paul, a large white ball of light  moving from the SW to the NE flew across the sky.	12/12/2014